ID,graph,Ref,note,,,,,,,,,,,,,
1,P001Fig1,P001,"x: HFA重量分率, y:水重量分率, z:log伝導度",{x},0.077014248,{y},99.92298575,{z},2.294802038,,,,,,,
2,P001Fig1,P001,"x: HFA重量分率, y:水重量分率, z:log伝導度",{x},14.87400169,{y},85.12599831,{z},2.727414572,,,,,,,
3,P001Fig1,P001,"x: HFA重量分率, y:水重量分率, z:log伝導度",{x},28.1259533,{y},71.8740467,{z},2.819791661,,,,,,,
4,P001Fig1,P001,"x: HFA重量分率, y:水重量分率, z:log伝導度",{x},51.17221686,{y},48.82778314,{z},2.934667914,,,,,,,
5,P001Fig1,P001,"x: HFA重量分率, y:水重量分率, z:log伝導度",{x},70.10847007,{y},29.89152993,{z},3.013705035,,,,,,,
6,P001Fig1,P001,"x: HFA重量分率, y:水重量分率, z:log伝導度",{x},86.38223071,{y},13.61776929,{z},3.028520276,,,,,,,
7,P001Fig1,P001,"x: HFA重量分率, y:水重量分率, z:log伝導度",{x},100,{y},0,{z},3.064176873,,,,,,,
8,P001Fig2,P001,"x: 温度, y:伝導度",{x},79.98437437,{y},2.872728879,,,,,,,,,
9,P001Fig2,P001,"x: 温度, y:伝導度",{x},99.93319043,{y},2.949671742,,,,,,,,,
10,P001Fig2,P001,"x: 温度, y:伝導度",{x},119.6770704,{y},3.046930665,,,,,,,,,
11,P001Fig2,P001,"x: 温度, y:伝導度",{x},139.8353299,{y},3.067083299,,,,,,,,,
12,P001Fig2,P001,"x: 温度, y:伝導度",{x},159.8340278,{y},3.068450058,,,,,,,,,
13,P001Fig2,P001,"x: 温度, y:伝導度",{x},179.6626467,{y},3.062530646,,,,,,,,,
14,P001Fig2,P001,"x: 温度, y:伝導度",{x},199.8437437,{y},3.058146701,,,,,,,,,
15,P002Fig1a,P002,"x: 硫酸重量分率, y:水重量分率, z:伝導度",{x},0.09,{y},99.91,{z},2.756790387,,,,,,,
16,P002Fig1a,P002,"x: 硫酸重量分率, y:水重量分率, z:伝導度",{x},0.36,{y},99.64,{z},3.020179223,,,,,,,
17,P002Fig1a,P002,"x: 硫酸重量分率, y:水重量分率, z:伝導度",{x},0.8,{y},99.2,{z},3.09940342,,,,,,,
18,P002Fig1a,P002,"x: 硫酸重量分率, y:水重量分率, z:伝導度",{x},1.7,{y},98.3,{z},3.132348048,,,,,,,
19,P002Fig1a,P002,"x: 硫酸重量分率, y:水重量分率, z:伝導度",{x},4.4,{y},95.6,{z},3.273983882,,,,,,,
20,P002Fig1a,P002,"x: 硫酸重量分率, y:水重量分率, z:伝導度",{x},7,{y},93,{z},3.311585391,,,,,,,
21,P002Fig1a,P002,"x: 硫酸重量分率, y:水重量分率, z:伝導度",{x},9,{y},91,{z},3.341235939,,,,,,,
22,P002Fig1a,P002,"x: 硫酸重量分率, y:水重量分率, z:伝導度",{x},13,{y},87,{z},3.382053669,,,,,,,
23,P002Fig1a,P002,"x: 硫酸重量分率, y:水重量分率, z:伝導度",{x},17,{y},83,{z},3.378084133,,,,,,,
24,P002Fig1a,P002,"x: 硫酸重量分率, y:水重量分率, z:伝導度",{x},21,{y},79,{z},3.376340145,,,,,,,
25,P002Fig1a,P002,"x: 硫酸重量分率, y:水重量分率, z:伝導度",{x},25,{y},75,{z},3.373081485,,,,,,,
26,P002Fig1b,P002,"x: 温度, y:伝導度",{x},100.0240157,{y},3.204154522,,,,,,,,,
27,P002Fig1b,P002,"x: 温度, y:伝導度",{x},120.1648041,{y},3.231427782,,,,,,,,,
28,P002Fig1b,P002,"x: 温度, y:伝導度",{x},139.8920227,{y},3.277124038,,,,,,,,,
29,P002Fig1b,P002,"x: 温度, y:伝導度",{x},150.0478755,{y},3.300823651,,,,,,,,,
30,P002Fig1b,P002,"x: 温度, y:伝導度",{x},160.2224419,{y},3.339014389,,,,,,,,,
31,P002Fig1b,P002,"x: 温度, y:伝導度",{x},170.0274154,{y},3.308398373,,,,,,,,,
32,P002Fig1b,P002,"x: 温度, y:伝導度",{x},179.6683332,{y},3.25658967,,,,,,,,,
33,P002Fig1b,P002,"x: 温度, y:伝導度",{x},199.9092392,{y},3.236603685,,,,,,,,,
34,P003Table1,P003,"x: 溶質, y:溶媒, z:伝導度",{x},C_MAI,{y},C_Ethanol,{z},3.008600172,,,,,,,
35,P003Table1,P003,"x: 溶質, y:溶媒, z:伝導度",{x},C_MAI,{y},C_Methanol,{z},3.136720567,,,,,,,
36,P003Table1,P003,"x: 溶質, y:溶媒, z:伝導度",{x},C_MAI,{y},C_DMF,{z},3.220108088,,,,,,,
37,P003Table1,P003,"x: 溶質, y:溶媒, z:伝導度",{x},C_MAI,{y},C_Acetone,{z},2.86923172,,,,,,,
38,P003Table1,P003,"x: 溶質, y:溶媒, z:伝導度",{x},C_MABr,{y},C_DMF,{z},3.10720997,,,,,,,
39,P003Table1,P003,"x: 溶質, y:溶媒, z:伝導度",{x},C_MAI,{y},C_Ethyleneglycol,{z},3.195899652,,,,,,,
40,P003Table1,P003,"x: 溶質, y:溶媒, z:伝導度",{x},C_MAI,{y},C_GBL,{z},3.214843848,,,,,,,
41,P003Table1,P003,"x: 溶質, y:溶媒, z:伝導度",{x},C_MAI,{y},C_DMSO,{z},3.08278537,,,,,,,
42,P003Table1,P003,"x: 溶質, y:溶媒, z:伝導度",{x},C_MAI,{y},C_Water,{z},2.986771734,,,,,,,
43,P003Table1,P003,"x: 溶質, y:溶媒, z:伝導度",{x},C_MABr,{y},C_GBL,{z},3.100370545,,,,,,,
44,P003Table2,P003,"x: 溶媒, y:伝導度",{x},C_Ethanol,{y},-0.455931956,,,,,,,,,
45,P003Table2,P003,"x: 溶媒, y:伝導度",{x},C_Methanol,{y},2.568201724,,,,,,,,,
46,P003Table2,P003,"x: 溶媒, y:伝導度",{x},C_DMF,{y},0.079181246,,,,,,,,,
47,P003Table2,P003,"x: 溶媒, y:伝導度",{x},C_Ethyleneglycol,{y},2.982271233,,,,,,,,,
48,P003Table2,P003,"x: 溶媒, y:伝導度",{x},C_GBL,{y},-0.060480747,,,,,,,,,
49,P003Table2,P003,"x: 溶媒, y:伝導度",{x},C_DMSO,{y},2.949390007,,,,,,,,,
50,P003Table2,P003,"x: 溶媒, y:伝導度",{x},C_Acetone,{y},-0.619788758,,,,,,,,,
51,P003Table2,P003,"x: 溶媒, y:伝導度",{x},C_Water,{y},0.477121255,,,,,,,,,
52,P003TFig2a1,P003,"x: 濃度, y:伝導度",{x},0.0000000474900616,{y},-1.241316271,,,,,,,,,
53,P003TFig2a1,P003,"x: 濃度, y:伝導度",{x},0.0000004680497182,{y},-1.358318099,,,,,,,,,
54,P003TFig2a1,P003,"x: 濃度, y:伝導度",{x},0.0000048676996033,{y},-1.34369287,,,,,,,,,
55,P003TFig2a1,P003,"x: 濃度, y:伝導度",{x},0.0000467693651170,{y},-1.416819013,,,,,,,,,
56,P003TFig2a1,P003,"x: 濃度, y:伝導度",{x},0.0000993741123712,{y},-1.482632541,,,,,,,,,
57,P003TFig2a1,P003,"x: 濃度, y:伝導度",{x},0.000537545,{y},-1.716636197,,,,,,,,,
58,P003TFig2a1,P003,"x: 濃度, y:伝導度",{x},0.000975222,{y},-1.928702011,,,,,,,,,
59,P003TFig2a1,P003,"x: 濃度, y:伝導度",{x},0.004598408,{y},-2.718464351,,,,,,,,,
60,P003TFig2a1,P003,"x: 濃度, y:伝導度",{x},0.009755697,{y},-2.901279707,,,,,,,,,
61,P003TFig2a1,P003,"x: 濃度, y:伝導度",{x},0.046367343,{y},-3.080438757,,,,,,,,,
62,P003TFig2a1,P003,"x: 濃度, y:伝導度",{x},0.481897632,{y},-3.117001828,,,,,,,,,
63,P003TFig2a1,P003,"x: 濃度, y:伝導度",{x},0.854409966,{y},-3.095063985,,,,,,,,,
64,P003TFig2a1,P003,"x: 濃度, y:伝導度",{x},1.364499897,{y},-3.109689214,,,,,,,,,
65,P003TFig2a1,P003,"x: 濃度, y:伝導度",{x},2.017512357,{y},-3.047531993,,,,,,,,,
66,P003TFig2a2,P003,"x: 濃度, y:伝導度",{x},0.000955706,{y},-1.482632541,,,,,,,,,
67,P003TFig2a2,P003,"x: 濃度, y:伝導度",{x},0.004905469,{y},-1.749542962,,,,,,,,,
68,P003TFig2a2,P003,"x: 濃度, y:伝導度",{x},0.009840517,{y},-2.23583181,,,,,,,,,
69,P003TFig2a2,P003,"x: 濃度, y:伝導度",{x},0.048967272,{y},-2.886654479,,,,,,,,,
70,P003TFig2a2,P003,"x: 濃度, y:伝導度",{x},0.096017083,{y},-3.124314442,,,,,,,,,
71,P003TFig2a2,P003,"x: 濃度, y:伝導度",{x},0.481851791,{y},-3.124314442,,,,,,,,,
72,P003TFig2a2,P003,"x: 濃度, y:伝導度",{x},0.94749046,{y},-3.146252285,,,,,,,,,
73,P003TFig2b1,P003,"x: 濃度, y:伝導度",{x},79.69750155,{y},2.908611761,,,,,,,,,
74,P003TFig2b1,P003,"x: 濃度, y:伝導度",{x},100.0931759,{y},3.146783051,,,,,,,,,
75,P003TFig2b1,P003,"x: 濃度, y:伝導度",{x},120.3856308,{y},3.219316872,,,,,,,,,
76,P003TFig2b1,P003,"x: 濃度, y:伝導度",{x},140.235376,{y},3.22177835,,,,,,,,,
77,P003TFig2b1,P003,"x: 濃度, y:伝導度",{x},159.9711622,{y},3.115190481,,,,,,,,,
78,P003TFig2b1,P003,"x: 濃度, y:伝導度",{x},180.5094344,{y},3.064906004,,,,,,,,,
79,P003TFig2b1,P003,"x: 濃度, y:伝導度",{x},200.3019018,{y},2.992819947,,,,,,,,,
80,P003TFig2b2,P003,"x: 濃度, y:伝導度",{x},79.83890615,{y},2.827319143,,,,,,,,,
81,P003TFig2b2,P003,"x: 濃度, y:伝導度",{x},99.54844002,{y},3.153372887,,,,,,,,,
82,P003TFig2b2,P003,"x: 濃度, y:伝導度",{x},120.5550777,{y},3.20688589,,,,,,,,,
83,P003TFig2b2,P003,"x: 濃度, y:伝導度",{x},140.2264264,{y},3.214095339,,,,,,,,,
84,P003TFig2b2,P003,"x: 濃度, y:伝導度",{x},160.0320199,{y},3.176796785,,,,,,,,,
85,P003TFig2b2,P003,"x: 濃度, y:伝導度",{x},180.1090864,{y},3.022865707,,,,,,,,,
86,P003TFig2b2,P003,"x: 濃度, y:伝導度",{x},200.2195649,{y},2.854168382,,,,,,,,,
87,P005Fig1a,P005,"x: 濃度, y:伝導度",{x},100,{y},0,{z},2.892022328,,,,,,,
88,P005Fig1a,P005,"x: 濃度, y:伝導度",{x},68.49315068,{y},31.50684932,{z},3.187209801,,,,,,,
89,P005Fig1a,P005,"x: 濃度, y:伝導度",{x},44.91017964,{y},55.08982036,{z},3.22908913,,,,,,,
90,P005Fig1a,P005,"x: 濃度, y:伝導度",{x},26.59574468,{y},73.40425532,{z},3.297118386,,,,,,,
91,P005Fig1a,P005,"x: 濃度, y:伝導度",{x},11.96172249,{y},88.03827751,{z},3.409187705,,,,,,,
92,P005Fig1a,P005,"x: 濃度, y:伝導度",{x},0,{y},100,{z},3.686664345,,,,,,,
93,P006Fig1a1,P006,"x: 時間, y:伝導度",{x},0.970519569,{y},2.728237627,,,,,,,,,
94,P006Fig1a1,P006,"x: 時間, y:伝導度",{x},4.838471396,{y},3.093930173,,,,,,,,,
95,P006Fig1a1,P006,"x: 時間, y:伝導度",{x},10.02277126,{y},3.203465398,,,,,,,,,
96,P006Fig1a1,P006,"x: 時間, y:伝導度",{x},29.92025564,{y},3.241041866,,,,,,,,,
97,P006Fig1a1,P006,"x: 時間, y:伝導度",{x},59.79209314,{y},3.21906063,,,,,,,,,
98,P006Fig1a2,P006,"x: 時間, y:伝導度",{x},1.685087558,{y},3.437034158,,,,,,,,,
99,P006Fig1a2,P006,"x: 時間, y:伝導度",{x},6.027428571,{y},3.531478917,,,,,,,,,
100,P006Fig1a2,P006,"x: 時間, y:伝導度",{x},10.91258986,{y},3.574591286,,,,,,,,,
101,P006Fig1a2,P006,"x: 時間, y:伝導度",{x},30.76423963,{y},3.557856329,,,,,,,,,
102,P006Fig1a2,P006,"x: 時間, y:伝導度",{x},60.86975115,{y},3.592140926,,,,,,,,,
103,P007Table1_1,P007,"x: 処理剤, y: pedot種類,  z:伝導度",{x},C_P001_HFA_3H2O,{y},C_PEDOT_PSS_PH1000,{z},3.081347308,{w},PEDOT_PSS_PH1000,,1206,,,
104,P007Table1_1,P007,"x: 処理剤, y: pedot種類,  z:伝導度",{x},C_P001_HFA_3H2O,{y},C_PEDOT_PSS_P,{z},2.354108439,{w},PEDOT_PSS_P,,226,,,
105,P007Table1_1,P007,"x: 処理剤, y: pedot種類,  z:伝導度",{x},C_Ethyleneglycol,{y},C_PEDOT_PSS_PH1000,{z},3.087071206,{w},PEDOT_PSS_PH1000,,1222,,,
106,P007Table1_1,P007,"x: 処理剤, y: pedot種類,  z:伝導度",{x},C_Ethyleneglycol,{y},C_PEDOT_PSS_P,{z},2.324282455,{w},PEDOT_PSS_P,,211,,,
107,P007Table1_MAI,P007,"x: pedot種類,  y:伝導度",{x},C_PEDOT_PSS_PH1000,{y},3.322219295,{w},PEDOT_PSS_PH1000,,2100,,,,,
108,P007Table1_MAI,P007,"x: pedot種類,  y:伝導度",{x},C_PEDOT_PSS_P,{y},2.372912003,{w},PEDOT_PSS_P,,236,,,,,
109,P007Table1_H2SO4,P007,"x: pedot種類,  y:伝導度",{x},C_PEDOT_PSS_PH1000,{y},3.333648757,{w},PEDOT_PSS_PH1000,,2156,,,,,
110,P007Table1_H2SO4,P007,"x: pedot種類,  y:伝導度",{x},C_PEDOT_PSS_P,{y},2.44870632,{w},PEDOT_PSS_P,,281,,,,,
111,P007Table1_H2SO4_three,P007,"x: pedot種類,  y:伝導度",{x},C_PEDOT_PSS_PH1000,{y},3.489677292,{w},PEDOT_PSS_PH1000,,3088,,,,,
112,P007Table1_H2SO4_three,P007,"x: pedot種類,  y:伝導度",{x},C_PEDOT_PSS_P,{y},2.62324929,{w},PEDOT_PSS_P,,420,,,,,
113,P009Fig1a1,P009,"硫酸量, 水量, 伝導度",{x},31.2786648,{y},68.7213352,{z},2.090349991,123.1260625,,,,,,
114,P009Fig1a1,P009,"硫酸量, 水量, 伝導度",{x},61.59613155,{y},38.40386845,{z},3.071093448,1177.859388,,,,,,
115,P009Fig1a1,P009,"硫酸量, 水量, 伝導度",{x},83.06693176,{y},16.93306824,{z},3.570264091,3717.612252,,,,,,
116,P009Fig1a1,P009,"硫酸量, 水量, 伝導度",{x},99.73382071,{y},0.266179291,{z},3.620691331,4175.335046,,,,,,
117,P009Fig1a2,P009,"温度,伝導度",{x},109.7888694,{y},3.608019767,4055.269923,,,,,,,,
118,P009Fig1a2,P009,"温度,伝導度",{x},119.6102765,{y},3.618626108,4155.526992,,,,,,,,
119,P009Fig1a2,P009,"温度,伝導度",{x},139.8209379,{y},3.579871728,3800.771208,,,,,,,,
120,P009Fig1a2,P009,"温度,伝導度",{x},160.2900244,{y},3.532102361,3404.884319,,,,,,,,
121,P013Fig1,P013,"添加量,伝導度",{x},0,{y},-1.15490196,0.07,,,,,,,,
122,P013Fig1,P013,"添加量,伝導度",{x},0.01290977,{y},0.406481192,2.549653666,,,,,,,,
123,P013Fig1,P013,"添加量,伝導度",{x},0.025941939,{y},1.997660408,99.46273749,,,,,,,,
124,P013Fig1,P013,"添加量,伝導度",{x},0.03627048,{y},2.079201599,120.0056238,,,,,,,,
125,P013Fig1,P013,"添加量,伝導度",{x},0.051210476,{y},2.122574793,132.6095474,,,,,,,,
126,P013Fig1,P013,"添加量,伝導度",{x},0.064227931,{y},2.081937813,120.76409,,,,,,,,
127,P013Fig1,P013,"添加量,伝導度",{x},0.085974866,{y},1.953020045,89.74702172,,,,,,,,
128,P014FigS1,P014,"添加剤,伝導度",{x},C_DMF,{y},2.557093426,360.6562192,,,,,,,,
129,P014FigS1,P014,"添加剤,伝導度",{x},C_Ethyleneglycol,{y},2.487889273,307.5312641,,,,,,,,
130,P014FigS1,P014,"添加剤,伝導度",{x},C_DMSO,{y},2.674740484,472.8686087,,,,,,,,
131,P014FigS1,P014,"添加剤,伝導度",{x},C_NMP,{y},2.564013841,366.4492531,,,,,,,,
132,P014FigS1_bare,P014,伝導度,{x},-0.598615917,0.251990451,,1,,,,,,,,
133,P014FigS2,P014,"重量,伝導度",{x},0.5,{y},-0.40614352,0.392515201,,,,,,,,
134,P014FigS2,P014,"重量,伝導度",{x},1,{y},0.850738709,7.091509818,,,,,,,,
135,P014FigS2,P014,"重量,伝導度",{x},2,{y},1.98913303,97.52883354,,,,,,,,
136,P014FigS2,P014,"重量,伝導度",{x},3,{y},2.515754875,327.9101615,,,,,,,,
137,P014FigS2,P014,"重量,伝導度",{x},4,{y},2.697141786,497.89961,,,,,,,,
138,P014FigS2,P014,"重量,伝導度",{x},5,{y},2.720571598,525.4986421,,,,,,,,
139,P014FigS2,P014,"重量,伝導度",{x},6,{y},2.684717291,483.857293,,,,,,,,
140,P014FigS2,P014,"重量,伝導度",{x},7,{y},2.688492838,488.0820525,,,,,,,,
141,P015Fig1,P015,"deg,water,cond",{x},0.009920184,{y},99.99007982,{z},-2.207009638,0.006208553,,,,,,
142,P015Fig1,P015,"deg,water,cond",{x},0.0496656,{y},99.9503344,{z},-2.210746475,0.006155361,,,,,,
143,P015Fig1,P015,"deg,water,cond",{x},0.099733235,{y},99.90026676,{z},-2.076145963,0.008391779,,,,,,
144,P015Fig1,P015,"deg,water,cond",{x},0.1500839,{y},99.8499161,{z},-2.197286424,0.006349121,,,,,,
145,P015Fig1,P015,"deg,water,cond",{x},0.197089539,{y},99.80291046,{z},-1.524841603,0.029864717,,,,,,
146,P015Fig1,P015,"deg,water,cond",{x},0.298977187,{y},99.70102281,{z},-0.748564757,0.178416593,,,,,,
147,P015Fig1,P015,"deg,water,cond",{x},0.395774488,{y},99.60422551,{z},0.18828455,1.542710907,,,,,,
148,P015Fig1,P015,"deg,water,cond",{x},0.782116524,{y},99.21788348,{z},1.012024808,10.28075023,,,,,,
149,P015Fig1,P015,"deg,water,cond",{x},0.994671821,{y},99.00532818,{z},1.003454251,10.07985421,,,,,,
150,P015Fig1,P015,"deg,water,cond",{x},1.981452924,{y},98.01854708,{z},1.017881046,10.42031976,,,,,,
151,P015Fig1,P015,"deg,water,cond",{x},3.005787241,{y},96.99421276,{z},1.016914302,10.39714981,,,,,,
152,P015Fig1,P015,"deg,water,cond",{x},3.978945416,{y},96.02105458,{z},0.944148224,8.793225773,,,,,,
153,P015Fig1,P015,"deg,water,cond",{x},4.940097254,{y},95.05990275,{z},1.007748825,10.18002454,,,,,,
154,P015Fig1,P015,"deg,water,cond",{x},6.861623969,{y},93.13837603,{z},0.902819918,7.99502669,,,,,,
155,P015Fig1,P015,"deg,water,cond",{x},9.841004789,{y},90.15899521,{z},0.942047415,8.750793088,,,,,,
156,P016Fig2a,P016,"eg,water,cond",{x},4.481623705,{y},95.51837629,{z},2.679576256,478.1633178,,,,,,
157,P016Fig2a,P016,"eg,water,cond",{x},7.088112482,{y},92.91188752,{z},2.832774916,680.4166249,,,,,,
158,P016Fig2a,P016,"eg,water,cond",{x},8.804431198,{y},91.1955688,{z},2.855641319,717.2017148,,,,,,
159,P016Fig2a,P016,"eg,water,cond",{x},10.49422995,{y},89.50577005,{z},2.864341349,731.7139745,,,,,,
160,P016Fig2a,P016,"eg,water,cond",{x},12.94831413,{y},87.05168587,{z},2.843501427,697.4312883,,,,,,
161,P016Fig2a,P016,"eg,water,cond",{x},16.95307094,{y},83.04692906,{z},2.830344225,676.6190562,,,,,,
162,P016Fig2b,P016,"time,cond",{x},0,{y},2.863875575,730.929642,,1,,,,,,
163,P016Fig2b,P016,"time,cond",{x},0.983606557,{y},3.070564921,1176.42683,,1,,,,,,
164,P016Fig2b,P016,"time,cond",{x},4.959016393,{y},3.055265631,1135.705244,,1,,,,,,
165,P016Fig2b,P016,"time,cond",{x},10,{y},3.039001803,1093.960907,,1,,,,,,
166,P016Fig2b,P016,"time,cond",{x},14.95901639,{y},3.13590676,1367.435215,,1,,,,,,
167,P016Fig2b,P016,"time,cond",{x},30.04098361,{y},3.156678389,1434.426796,,1,,,,,,
168,P022Fig3b2,P022,"time,cond",{x},0,{y},2.791442633,618.6466034,,1,,,,,,
169,P022Fig3b2,P022,"time,cond",{x},13.59133756,{y},2.775250451,596.0057517,,1,,,,,,
170,P022Fig3b2,P022,"time,cond",{x},30.05853389,{y},2.861957426,727.7084634,,1,,,,,,
171,P022Fig3b2,P022,"time,cond",{x},57.00518526,{y},2.97457452,943.136429,,1,,,,,,
172,P022Fig3b2,P022,"time,cond",{x},117.4236372,{y},2.945800175,882.6736772,,1,,,,,,
173,P022Fig3b2,P022,"time,cond",{x},178.7825531,{y},2.990535388,978.4426789,,1,,,,,,
174,P022Fig3b2,P022,"time,cond",{x},219.6891022,{y},2.760019027,575.4651484,,1,,,,,,
175,P022Fig3b1,P022,"time,cond",{x},0,{y},2.805102743,638.4145013,,1,,,,,,
176,P022Fig3b1,P022,"time,cond",{x},13.23185522,{y},2.838334919,689.1835757,,1,,,,,,
177,P022Fig3b1,P022,"time,cond",{x},26.86313527,{y},2.878496396,755.9557873,,1,,,,,,
178,P022Fig3b1,P022,"time,cond",{x},56.65841189,{y},2.920655474,833.0200874,,1,,,,,,
179,P022Fig3b1,P022,"time,cond",{x},119.6767564,{y},2.953597922,898.6651948,,1,,,,,,
180,P022Fig3b1,P022,"time,cond",{x},179.479731,{y},2.901858196,797.7341719,,1,,,,,,
181,P022Fig3b1,P022,"time,cond",{x},239.5423318,{y},2.918820607,829.5080539,,1,,,,,,
182,P022Fig3b1,P022,"time,cond",{x},299.993464,{y},2.881141812,760.5745908,,1,,,,,,
183,P022Fig3b1,P022,"time,cond",{x},460.8527357,{y},2.823377288,665.8513559,,1,,,,,,
184,P021Fig4,P021,"comp,cond",{x},C_EMIM_Cl,{y},2.516888382,328.7671233,,1,,,,,,
185,P021Fig4,P021,"comp,cond",{x},C_EMIM_ES,{y},2.91067243,814.0900196,,1,,,,,,
186,P021Fig4,P021,"comp,cond",{x},C_EMIM_TCM,{y},3.120238996,1318.982387,,1,,,,,,
187,P021Fig4,P021,"comp,cond",{x},C_EMIM_TCB,{y},3.288965484,1945.205479,,1,,,,,,
188,P023Table1,P023,"comp,cond",{x},C_ZnCl2,{y},3.168202747,1473,,1,,,,,,
189,P023Table1,P023,"comp,cond",{x},C_CuCl2,{y},3.056142262,1138,,1,,,,,,
190,P023Table1,P023,"comp,cond",{x},C_InCl3,{y},2.984527313,965,,1,,,,,,
191,P023Table1,P023,"comp,cond",{x},C_LiCl,{y},2.986323777,969,,1,,,,,,
192,P023Table1,P023,"comp,cond",{x},C_NiCl2,{y},2.818885415,659,,1,,,,,,
193,P023Table1,P023,"comp,cond",{x},C_NaI,{y},2.176091259,150,,1,,,,,,
194,P025Table1,P025,"comp,cond",{x},C_Ethyleneglycol,{y},2.301029996,200,,1,,,,,,
195,P025Table1,P025,"comp,cond",{x},C_DMSO,{y},2.155336037,143,,1,,,,,,
196,P025Table1,P025,"comp,cond",{x},C_NMP,{y},1.662757832,46,,1,,,,,,
197,P025Table1,P025,"comp,cond",{x},C_NNdimethylacetomide,{y},1.568201724,37,,1,,,,,,
198,P025Table1,P025,"comp,cond",{x},C_4_Methoxyphenol,{y},1.301029996,20,,1,,,,,,
199,P025Table1,P025,"comp,cond",{x},C_Acetonitrile,{y},-0.397940009,0.4,,1,,,,,,
200,P025Table1,P025,"comp,cond",{x},C_Cyclohexone,{y},-0.397940009,0.4,,1,,,,,,
201,P025Table1,P025,"comp,cond",{x},C_Nitromethane,{y},-0.397940009,0.4,,1,,,,,,
202,P025Table1,P025,"comp,cond",{x},C_Methanol,{y},-0.397940009,0.4,,1,,,,,,
203,P025Table1,P025,"comp,cond",{x},C_Pyridine,{y},-0.397940009,0.4,,1,,,,,,
204,P042Fig1,P042,"time,cond",{x},0,{y},2.736907017,545.6410256,,1,,,,,,
205,P042Fig1,P042,"time,cond",{x},3,{y},2.98803272,972.8205128,,1,,,,,,
206,P042Fig1,P042,"time,cond",{x},5,{y},3.02635514,1062.564103,,1,,,,,,
207,P042Fig1,P042,"time,cond",{x},10,{y},3.100370545,1260,,1,,,,,,
208,P042Fig1,P042,"time,cond",{x},13,{y},3.204398287,1601.025641,,1,,,,,,
209,P042Fig1,P042,"time,cond",{x},15,{y},3.285845704,1931.282051,,1,,,,,,
210,P043Fig1a,P043,"concn,comp,cond",{x},0,{y},C_P043_MSA,{z},0.690296217,4.901129944,,,,,,
211,P043Fig1a,P043,"concn,comp,cond",{x},0.019830508,{y},C_P043_MSA,{z},0.377853447,2.38700565,,,,,,
212,P043Fig1a,P043,"concn,comp,cond",{x},0.04,{y},C_P043_MSA,{z},1.733052109,54.0819209,,,,,,
213,P043Fig1a,P043,"concn,comp,cond",{x},0.059830508,{y},C_P043_MSA,{z},3.006066991,1014.067797,,,,,,
214,P043Fig1a,P043,"concn,comp,cond",{x},0.08,{y},C_P043_MSA,{z},3.244874392,1757.415254,,,,,,
215,P043Fig1a,P043,"concn,comp,cond",{x},0.099830508,{y},C_P043_MSA,{z},3.245282578,1759.067797,,,,,,
216,P043Fig1a,P043,"concn,comp,cond",{x},0,{y},C_P043_BSA,{z},0.691545986,4.915254237,,,,,,
217,P043Fig1a,P043,"concn,comp,cond",{x},0.019830508,{y},C_P043_BSA,{z},0.380415664,2.401129944,,,,,,
218,P043Fig1a,P043,"concn,comp,cond",{x},0.040169492,{y},C_P043_BSA,{z},2.948133802,887.4293785,,,,,,
219,P043Fig1a,P043,"concn,comp,cond",{x},0.059661017,{y},C_P043_BSA,{z},3.302270378,2005.720339,,,,,,
220,P043Fig1a,P043,"concn,comp,cond",{x},0.08,{y},C_P043_BSA,{z},3.296280864,1978.248588,,,,,,
221,P043Fig1a,P043,"concn,comp,cond",{x},0.099661017,{y},C_P043_BSA,{z},3.277965138,1896.553672,,,,,,
222,P043Fig1a,P043,"concn,comp,cond",{x},0.000169492,{y},C_P043_CI_BSA,{z},0.692792169,4.929378531,,,,,,
223,P043Fig1a,P043,"concn,comp,cond",{x},0.020169492,{y},C_P043_CI_BSA,{z},1.031921714,10.76271186,,,,,,
224,P043Fig1a,P043,"concn,comp,cond",{x},0.039830508,{y},C_P043_CI_BSA,{z},3.068458403,1170.734463,,,,,,
225,P043Fig1a,P043,"concn,comp,cond",{x},0.059830508,{y},C_P043_CI_BSA,{z},3.291309889,1955.734463,,,,,,
226,P043Fig1a,P043,"concn,comp,cond",{x},0.079661017,{y},C_P043_CI_BSA,{z},3.27948907,1903.220339,,,,,,
227,P043Fig1a,P043,"concn,comp,cond",{x},0.099661017,{y},C_P043_CI_BSA,{z},3.212157497,1629.887006,,,,,,
228,P043Fig1a,P043,"concn,comp,cond",{x},0.000169492,{y},C_P043_HO_BSA,{z},0.692792169,4.929378531,,,,,,
229,P043Fig1a,P043,"concn,comp,cond",{x},0.02,{y},C_P043_HO_BSA,{z},0.382962853,2.415254237,,,,,,
230,P043Fig1a,P043,"concn,comp,cond",{x},0.039830508,{y},C_P043_HO_BSA,{z},3.206349364,1608.234463,,,,,,
231,P043Fig1a,P043,"concn,comp,cond",{x},0.06,{y},C_P043_HO_BSA,{z},3.300468362,1997.415254,,,,,,
232,P043Fig1a,P043,"concn,comp,cond",{x},0.080169492,{y},C_P043_HO_BSA,{z},3.293531093,1965.762712,,,,,,
233,P043Fig1a,P043,"concn,comp,cond",{x},0.1,{y},C_P043_HO_BSA,{z},3.274138272,1879.915254,,,,,,
234,P043Fig1a,P043,"concn,comp,cond",{x},0,{y},C_P043_TSA,{z},0.691545986,4.915254237,,,,,,
235,P043Fig1a,P043,"concn,comp,cond",{x},0.019491525,{y},C_P043_TSA,{z},1.643842853,44.03954802,,,,,,
236,P043Fig1a,P043,"concn,comp,cond",{x},0.040169492,{y},C_P043_TSA,{z},3.134314,1362.429379,,,,,,
237,P043Fig1a,P043,"concn,comp,cond",{x},0.059830508,{y},C_P043_TSA,{z},3.279111814,1901.567797,,,,,,
238,P043Fig1a,P043,"concn,comp,cond",{x},0.079830508,{y},C_P043_TSA,{z},3.259052337,1815.734463,,,,,,
239,P043Fig1a,P043,"concn,comp,cond",{x},0.1,{y},C_P043_TSA,{z},3.278924676,1900.748588,,,,,,
240,P043Fig1a,P043,"concn,comp,cond",{x},0.000169492,{y},C_P043_EBSA,{z},0.692792169,4.929378531,,,,,,
241,P043Fig1a,P043,"concn,comp,cond",{x},0.020169492,{y},C_P043_EBSA,{z},0.385495189,2.429378531,,,,,,
242,P043Fig1a,P043,"concn,comp,cond",{x},0.040169492,{y},C_P043_EBSA,{z},3.06067117,1149.929379,,,,,,
243,P043Fig1a,P043,"concn,comp,cond",{x},0.059830508,{y},C_P043_EBSA,{z},3.191935472,1555.734463,,,,,,
244,P043Fig1a,P043,"concn,comp,cond",{x},0.079830508,{y},C_P043_EBSA,{z},3.184189989,1528.234463,,,,,,
245,P043Fig1a,P043,"concn,comp,cond",{x},0.1,{y},C_P043_EBSA,{z},3.175100495,1496.581921,,,,,,
246,P043Fig1a,P043,"concn,comp,cond",{x},0,{y},C_P043_NSA,{z},1.122169581,13.24858757,,,,,,
247,P043Fig1a,P043,"concn,comp,cond",{x},0.019830508,{y},C_P043_NSA,{z},0.380415664,2.401129944,,,,,,
248,P043Fig1a,P043,"concn,comp,cond",{x},0.040169492,{y},C_P043_NSA,{z},2.812866169,649.9293785,,,,,,
249,P043Fig1a,P043,"concn,comp,cond",{x},0.060169492,{y},C_P043_NSA,{z},3.137490006,1372.429379,,,,,,
250,P043Fig1a,P043,"concn,comp,cond",{x},0.08,{y},C_P043_NSA,{z},3.140638517,1382.415254,,,,,,
251,P043Fig1a,P043,"concn,comp,cond",{x},0.099830508,{y},C_P043_NSA,{z},3.109994913,1288.234463,,,,,,
252,P043Fig1a,P043,"concn,comp,cond",{x},0,{y},C_P043_CSA,{z},0.690296217,4.901129944,,,,,,
253,P043Fig1a,P043,"concn,comp,cond",{x},0.019830508,{y},C_P043_CSA,{z},0.690296217,4.901129944,,,,,,
254,P043Fig1a,P043,"concn,comp,cond",{x},0.039830508,{y},C_P043_CSA,{z},0.690296217,4.901129944,,,,,,
255,P043Fig1a,P043,"concn,comp,cond",{x},0.059661017,{y},C_P043_CSA,{z},1.988501013,97.38700565,,,,,,
256,P043Fig1a,P043,"concn,comp,cond",{x},0.08,{y},C_P043_CSA,{z},2.771402692,590.7485876,,,,,,
257,P043Fig1a,P043,"concn,comp,cond",{x},0.100338983,{y},C_P043_CSA,{z},2.769581748,588.2768362,,,,,,
258,P043Fig5,P043,"comp,Hzweight,weight,cond",{x},C_Water,{y},0.265699779,{z},99.73430022,{w},3.485312155,3057.117668,,,,
259,P043Fig5,P043,"comp,Hzweight,weight,cond",{x},C_Water,{y},5.174772294,{z},94.82522771,{w},3.200613409,1587.13332,,,,
260,P043Fig5,P043,"comp,Hzweight,weight,cond",{x},C_Water,{y},10.16204889,{z},89.83795111,{w},3.125195882,1334.123033,,,,
261,P043Fig5,P043,"comp,Hzweight,weight,cond",{x},C_Water,{y},15.21660904,{z},84.78339096,{w},3.134056265,1361.621076,,,,
262,P043Fig5,P043,"comp,Hzweight,weight,cond",{x},C_Water,{y},20.20762992,{z},79.79237008,{w},3.093638868,1240.620256,,,,
263,P043Fig5,P043,"comp,Hzweight,weight,cond",{x},C_Water,{y},25.17452395,{z},74.82547605,{w},2.970338098,933.9811226,,,,
264,P043Fig5,P043,"comp,Hzweight,weight,cond",{x},C_Water,{y},30.15612167,{z},69.84387833,{w},2.912278186,817.1055981,,,,
265,P043Fig5,P043,"comp,Hzweight,weight,cond",{x},C_DMSO,{y},0,{z},100,{w},3.483662558,3045.527728,,,,
266,P043Fig5,P043,"comp,Hzweight,weight,cond",{x},C_DMSO,{y},0.034706295,{z},99.96529371,{w},3.163878508,1458.406221,,,,
267,P043Fig5,P043,"comp,Hzweight,weight,cond",{x},C_DMSO,{y},0.072576597,{z},99.9274234,{w},3.093087202,1239.045351,,,,
268,P043Fig5,P043,"comp,Hzweight,weight,cond",{x},C_DMSO,{y},0.107241132,{z},99.89275887,{w},3.089255784,1228.162362,,,,
269,P043Fig5,P043,"comp,Hzweight,weight,cond",{x},C_DMSO,{y},0.143112128,{z},99.85688787,{w},3.054227921,1132.994811,,,,
270,P043Fig5,P043,"comp,Hzweight,weight,cond",{x},C_DMSO,{y},0.178955813,{z},99.82104419,{w},3.030741092,1073.349335,,,,
271,P043Fig5,P043,"comp,Hzweight,weight,cond",{x},C_DMSO,{y},0.215669082,{z},99.78433092,{w},2.940351669,871.6691357,,,,
272,P043Fig5,P043,"comp,Hzweight,weight,cond",{x},C_DMSO,{y},0.251512252,{z},99.74848775,{w},2.909568683,812.02366,,,,
273,P044Fig2a,P044,"tan_wt,pedot_Wt,water_wt,cond",{x},0,{y},1.3,{z},100,{w},-0.084755366,0.822705941,,,,
274,P044Fig2a,P044,"tan_wt,pedot_Wt,water_wt,cond",{x},0.970957583,{y},1.3,{z},99.02904242,{w},0.37328203,2.362011623,,,,
275,P044Fig2a,P044,"tan_wt,pedot_Wt,water_wt,cond",{x},1.941124537,{y},1.3,{z},98.05887546,{w},1.207658554,16.13089833,,,,
276,P044Fig2a,P044,"tan_wt,pedot_Wt,water_wt,cond",{x},2.47769769,{y},1.3,{z},97.52230231,{w},1.423289278,26.50264857,,,,
277,P044Fig2a,P044,"tan_wt,pedot_Wt,water_wt,cond",{x},2.969534452,{y},1.3,{z},97.03046555,{w},1.289409532,19.47195388,,,,
278,P044Fig2a,P044,"tan_wt,pedot_Wt,water_wt,cond",{x},4.983726232,{y},1.3,{z},95.01627377,{w},0.931360276,8.53808111,,,,
279,P044Fig2a,P044,"tan_wt,pedot_Wt,water_wt,cond",{x},9.987679374,{y},1.3,{z},90.01232063,{w},0.608783882,4.062411208,,,,
280,P044Fig2a,P044,"tan_wt,pedot_Wt,water_wt,cond",{x},11.94771311,{y},1.3,{z},88.05228689,{w},2.67003123,467.768777,,,,
281,P045Table1,P045,"comp,comp,wt,wt,cond,time",{x},C_DMSO,{y},C_DBU,{v},68,{w},32,{z},-0.124938737,{time},10,0.75
282,P045Table1,P045,"comp,comp,wt,wt,cond,time",{x},C_DMSO,{y},C_DBU,{v},68,{w},32,{z},-0.301029996,{time},20,0.5
283,P045Table1,P045,"comp,comp,wt,wt,cond,time",{x},C_DMSO,{y},C_DBU,{v},68,{w},32,{z},-0.356547324,{time},30,0.44
284,P045Table1,P045,"comp,comp,wt,wt,cond,time",{x},C_DMSO,{y},C_DBU,{v},91.5,{w},8.5,{z},0.204119983,{time},10,1.6
285,P045Table1,P045,"comp,comp,wt,wt,cond,time",{x},C_DMSO,{y},C_DBU,{v},91.5,{w},8.5,{z},0.397940009,{time},20,2.5
286,P045Table1,P045,"comp,comp,wt,wt,cond,time",{x},C_DMSO,{y},C_DBU,{v},91.5,{w},8.5,{z},0.447158031,{time},30,2.8
287,P045Table1,P045,"comp,comp,wt,wt,cond,time",{x},C_Acetonitrile,{y},C_DBU,{v},88.5,{w},11.5,{z},0.041392685,{time},10,1.1
288,P045Table1,P045,"comp,comp,wt,wt,cond,time",{x},C_Acetonitrile,{y},C_DBU,{v},88.5,{w},11.5,{z},0.176091259,{time},20,1.5
289,P045Table1,P045,"comp,comp,wt,wt,cond,time",{x},C_Acetonitrile,{y},C_DBU,{v},88.5,{w},11.5,{z},0.079181246,{time},30,1.2
290,P045Table1,P045,"comp,comp,wt,wt,cond,time",{x},C_Water,{y},C_DBU,{v},49.5,{w},50.5,{z},-0.853871964,{time},10,0.14
291,P048Fig2a,P048,"wt,wt,cond",{x},0,{y},100,{z},0.881074247,7.604562738,,,,,,
292,P048Fig2a,P048,"wt,wt,cond",{x},1,{y},99,{z},1.855355606,71.6730038,,,,,,
293,P048Fig2a,P048,"wt,wt,cond",{x},5,{y},95,{z},1.958442152,90.87452471,,,,,,
294,P048Fig2a,P048,"wt,wt,cond",{x},10,{y},90,{z},1.617470749,41.44486692,,,,,,
295,P048Fig2a,P048,"wt,wt,cond",{x},20,{y},80,{z},1.339712096,21.86311787,,,,,,
296,P048Fig2d,P048,"wt,wt,cond",{x},0,{y},100,{z},3.37293774,2360.13986,,,,,,
297,P048Fig2d,P048,"wt,wt,cond",{x},1,{y},99,{z},3.092637229,1237.762238,,,,,,
298,P048Fig2d,P048,"wt,wt,cond",{x},5,{y},95,{z},3.134698574,1363.636364,,,,,,
299,P048Fig2d,P048,"wt,wt,cond",{x},10,{y},90,{z},3.174570086,1494.755245,,,,,,
300,P048Fig2d,P048,"wt,wt,cond",{x},20,{y},80,{z},3.228927748,1694.055944,,,,,,
301,P051Fig1a,P051,"comp,comp,wt,wt,cond",{x},C_Water,{y},C_HCl,{v},63,{w},37,{z},2.629274506,425.8675079,,
302,P051Fig1a,P051,"comp,comp,wt,wt,cond",{x},C_Water,{y},C_HCOOH,{v},2,{w},98,{z},3.11278256,1296.529968,,
303,P051Fig1a,P051,"comp,comp,wt,wt,cond",{x},C_Water,{y},C_HNO3,{v},35,{w},65,{z},3.326310011,2119.873817,,
304,P051Fig1a,P051,"comp,comp,wt,wt,cond",{x},C_Water,{y},C_H2SO4,{v},2,{w},98,{z},3.470216587,2952.681388,,
305,P051Fig1a_nowash,P051,"comp,comp,wt,wt,cond",{x},C_Water,{y},C_HCl,{v},63,{w},37,{z},2.588845849,388.0126183,,
306,P051Fig1a_nowash,P051,"comp,comp,wt,wt,cond",{x},C_Water,{y},C_HCOOH,{v},2,{w},98,{z},3.086651703,1220.820189,,
307,P051Fig1a_nowash,P051,"comp,comp,wt,wt,cond",{x},C_Water,{y},C_HNO3,{v},35,{w},65,{z},3.096635924,1249.211356,,
308,P051Fig1a_nowash,P051,"comp,comp,wt,wt,cond",{x},C_Water,{y},C_H2SO4,{v},2,{w},98,{z},3.140414848,1381.70347,,
309,P054Fig1a,P054,cond,{z},2.890546314,777.2241993,,,,,,,,,,
310,P054Fig1a_psrm,P054,"time,cond",{x},0,{y},2.998451711,996.4412811,,,,,,,,
311,P054Fig1a_psrm,P054,"time,cond",{x},1,{y},3.035878209,1086.120996,,,,,,,,
312,P054Fig1a_psrm,P054,"time,cond",{x},3,{y},3.112395064,1295.373665,,,,,,,,
313,P054Fig1a_psrm,P054,"time,cond",{x},5,{y},3.115723007,1305.338078,,,,,,,,
314,P054Fig1a_psrm,P054,"time,cond",{x},8,{y},3.123932977,1330.24911,,,,,,,,
315,P059Fig1a,P059,"concn,cond",{x},0.095077999,{y},3.217916995,1651.646097,,,,,,,,
316,P059Fig1a,P059,"concn,cond",{x},0.499880056,{y},3.196732696,1573.01439,,,,,,,,
317,P059Fig1a,P059,"concn,cond",{x},0.997558155,{y},3.072195705,1180.852641,,,,,,,,
318,P059Fig1a,P059,"concn,cond",{x},1.982387924,{y},3.015584397,1036.536017,,,,,,,,
319,P059Fig1a,P059,"concn,cond",{x},4.974185186,{y},3.000837003,1001.929129,,,,,,,,
320,P059Fig1c,P059,"temp,cond",{x},0.444633731,{y},3.335204944,2163.739353,,,,,,,,
321,P059Fig1c,P059,"temp,cond",{x},25.45655877,{y},3.19732753,1575.170358,,,,,,,,
322,P059Fig1c,P059,"temp,cond",{x},79.83816014,{y},3.045699408,1110.962521,,,,,,,,
323,P059Fig1c,P059,"temp,cond",{x},139.5988075,{y},2.99111093,979.7402044,,,,,,,,
324,P059FigS1a,P059,"concn,cond",{x},0.074276143,{y},3.001986904,1004.585498,,,,,,,,
325,P059FigS1a,P059,"concn,cond",{x},0.495602792,{y},2.999730295,999.3791732,,,,,,,,
326,P059FigS1a,P059,"concn,cond",{x},0.971147811,{y},2.984087758,964.0238047,,,,,,,,
327,P059FigS1a,P059,"concn,cond",{x},1.980180425,{y},2.981850669,959.0708015,,,,,,,,
328,P059FigS1a,P059,"concn,cond",{x},4.993477916,{y},2.941056603,873.0851538,,,,,,,,
329,P059FigS1c,P059,"temp,cond",{x},0.515151515,{y},3.087285805,1222.603978,,,,,,,,
330,P059FigS1c,P059,"temp,cond",{x},25.51361718,{y},2.984002078,963.8336347,,,,,,,,
331,P059FigS1c,P059,"temp,cond",{x},80.56386651,{y},2.932686562,856.4195298,,,,,,,,
332,P059FigS1c,P059,"temp,cond",{x},139.9275029,{y},2.777627373,599.2766727,,,,,,,,
333,P059FigS2a,P059,"concn,cond",{x},0.318388857,{y},3.344373928,2209.906648,,,,,,,,
334,P059FigS2a,P059,"concn,cond",{x},0.510858851,{y},3.340985595,2192.732204,,,,,,,,
335,P059FigS2a,P059,"concn,cond",{x},0.812400544,{y},3.34171193,2196.402502,,,,,,,,
336,P059FigS2a,P059,"concn,cond",{x},1.013213589,{y},3.337613443,2175.772296,,,,,,,,
337,P059FigS2a,P059,"concn,cond",{x},1.205619157,{y},3.33277662,2151.674731,,,,,,,,
338,P059FigS2a,P059,"concn,cond",{x},1.5149885,{y},3.321495756,2096.504294,,,,,,,,
339,P059FigS2a,P059,"concn,cond",{x},1.998917658,{y},3.278646529,1899.53163,,,,,,,,
340,P059FigS2a,P059,"concn,cond",{x},5.019359743,{y},3.197621818,1576.238089,,,,,,,,
